stateFIPS,State,countyFIPS,County,Year,Value,
22,Louisiana,22001,Acadia,1996,"58,064",
22,Louisiana,22001,Acadia,1997,"58,218",
22,Louisiana,22001,Acadia,1998,"58,501",
22,Louisiana,22001,Acadia,1999,"58,762",
22,Louisiana,22001,Acadia,2000,"58,795",
22,Louisiana,22001,Acadia,2001,"58,844",
22,Louisiana,22001,Acadia,2002,"59,065",
22,Louisiana,22001,Acadia,2003,"59,194",
22,Louisiana,22001,Acadia,2004,"59,223",
22,Louisiana,22001,Acadia,2005,"59,524",
22,Louisiana,22001,Acadia,2006,"60,522",
22,Louisiana,22001,Acadia,2007,"60,762",
22,Louisiana,22001,Acadia,2008,"61,115",
22,Louisiana,22001,Acadia,2009,"61,451",
22,Louisiana,22001,Acadia,2010,"61,859",
22,Louisiana,22001,Acadia,2011,"61,826",
22,Louisiana,22001,Acadia,2012,"61,984",
22,Louisiana,22001,Acadia,2013,"62,284",
22,Louisiana,22001,Acadia,2014,"62,664",
22,Louisiana,22001,Acadia,2015,"62,696",
22,Louisiana,22003,Allen,1996,"24,687",
22,Louisiana,22003,Allen,1997,"24,605",
22,Louisiana,22003,Allen,1998,"25,114",
22,Louisiana,22003,Allen,1999,"25,364",
22,Louisiana,22003,Allen,2000,"25,401",
22,Louisiana,22003,Allen,2001,"25,399",
22,Louisiana,22003,Allen,2002,"25,194",
22,Louisiana,22003,Allen,2003,"25,327",
22,Louisiana,22003,Allen,2004,"25,338",
22,Louisiana,22003,Allen,2005,"25,076",
22,Louisiana,22003,Allen,2006,"25,692",
22,Louisiana,22003,Allen,2007,"25,937",
22,Louisiana,22003,Allen,2008,"25,854",
22,Louisiana,22003,Allen,2009,"25,863",
22,Louisiana,22003,Allen,2010,"25,721",
22,Louisiana,22003,Allen,2011,"25,741",
22,Louisiana,22003,Allen,2012,"25,632",
22,Louisiana,22003,Allen,2013,"25,676",
22,Louisiana,22003,Allen,2014,"25,724",
22,Louisiana,22003,Allen,2015,"25,630",
22,Louisiana,22005,Ascension,1996,"68,093",
22,Louisiana,22005,Ascension,1997,"70,505",
22,Louisiana,22005,Ascension,1998,"72,272",
22,Louisiana,22005,Ascension,1999,"74,662",
22,Louisiana,22005,Ascension,2000,"77,335",
22,Louisiana,22005,Ascension,2001,"79,210",
22,Louisiana,22005,Ascension,2002,"81,379",
22,Louisiana,22005,Ascension,2003,"83,967",
22,Louisiana,22005,Ascension,2004,"86,352",
22,Louisiana,22005,Ascension,2005,"89,741",
22,Louisiana,22005,Ascension,2006,"96,421",
22,Louisiana,22005,Ascension,2007,"100,132",
22,Louisiana,22005,Ascension,2008,"102,891",
22,Louisiana,22005,Ascension,2009,"105,172",
22,Louisiana,22005,Ascension,2010,"107,870",
22,Louisiana,22005,Ascension,2011,"109,996",
22,Louisiana,22005,Ascension,2012,"112,203",
22,Louisiana,22005,Ascension,2013,"114,572",
22,Louisiana,22005,Ascension,2014,"117,263",
22,Louisiana,22005,Ascension,2015,"119,376",
22,Louisiana,22007,Assumption,1996,"22,812",
22,Louisiana,22007,Assumption,1997,"22,986",
22,Louisiana,22007,Assumption,1998,"23,173",
22,Louisiana,22007,Assumption,1999,"23,372",
22,Louisiana,22007,Assumption,2000,"23,324",
22,Louisiana,22007,Assumption,2001,"23,194",
22,Louisiana,22007,Assumption,2002,"23,210",
22,Louisiana,22007,Assumption,2003,"23,262",
22,Louisiana,22007,Assumption,2004,"23,319",
22,Louisiana,22007,Assumption,2005,"23,199",
22,Louisiana,22007,Assumption,2006,"23,477",
22,Louisiana,22007,Assumption,2007,"23,543",
22,Louisiana,22007,Assumption,2008,"23,534",
22,Louisiana,22007,Assumption,2009,"23,508",
22,Louisiana,22007,Assumption,2010,"23,334",
22,Louisiana,22007,Assumption,2011,"23,176",
22,Louisiana,22007,Assumption,2012,"23,067",
22,Louisiana,22007,Assumption,2013,"23,191",
22,Louisiana,22007,Assumption,2014,"23,038",
22,Louisiana,22007,Assumption,2015,"22,895",
22,Louisiana,22009,Avoyelles,1996,"40,847",
22,Louisiana,22009,Avoyelles,1997,"41,071",
22,Louisiana,22009,Avoyelles,1998,"41,253",
22,Louisiana,22009,Avoyelles,1999,"41,373",
22,Louisiana,22009,Avoyelles,2000,"41,459",
22,Louisiana,22009,Avoyelles,2001,"41,274",
22,Louisiana,22009,Avoyelles,2002,"41,233",
22,Louisiana,22009,Avoyelles,2003,"41,446",
22,Louisiana,22009,Avoyelles,2004,"41,271",
22,Louisiana,22009,Avoyelles,2005,"41,036",
22,Louisiana,22009,Avoyelles,2006,"42,080",
22,Louisiana,22009,Avoyelles,2007,"41,809",
22,Louisiana,22009,Avoyelles,2008,"42,040",
22,Louisiana,22009,Avoyelles,2009,"42,034",
22,Louisiana,22009,Avoyelles,2010,"42,110",
22,Louisiana,22009,Avoyelles,2011,"41,795",
22,Louisiana,22009,Avoyelles,2012,"41,588",
22,Louisiana,22009,Avoyelles,2013,"41,290",
22,Louisiana,22009,Avoyelles,2014,"41,121",
22,Louisiana,22009,Avoyelles,2015,"41,042",
22,Louisiana,22011,Beauregard,1996,"31,895",
22,Louisiana,22011,Beauregard,1997,"32,147",
22,Louisiana,22011,Beauregard,1998,"32,334",
22,Louisiana,22011,Beauregard,1999,"32,649",
22,Louisiana,22011,Beauregard,2000,"32,979",
22,Louisiana,22011,Beauregard,2001,"33,001",
22,Louisiana,22011,Beauregard,2002,"33,000",
22,Louisiana,22011,Beauregard,2003,"33,221",
22,Louisiana,22011,Beauregard,2004,"33,614",
22,Louisiana,22011,Beauregard,2005,"34,130",
22,Louisiana,22011,Beauregard,2006,"34,510",
22,Louisiana,22011,Beauregard,2007,"34,623",
22,Louisiana,22011,Beauregard,2008,"34,893",
22,Louisiana,22011,Beauregard,2009,"35,142",
22,Louisiana,22011,Beauregard,2010,"35,834",
22,Louisiana,22011,Beauregard,2011,"36,090",
22,Louisiana,22011,Beauregard,2012,"36,343",
22,Louisiana,22011,Beauregard,2013,"36,278",
22,Louisiana,22011,Beauregard,2014,"36,261",
22,Louisiana,22011,Beauregard,2015,"36,526",
22,Louisiana,22013,Bienville,1996,"15,989",
22,Louisiana,22013,Bienville,1997,"15,946",
22,Louisiana,22013,Bienville,1998,"15,889",
22,Louisiana,22013,Bienville,1999,"15,813",
22,Louisiana,22013,Bienville,2000,"15,717",
22,Louisiana,22013,Bienville,2001,"15,400",
22,Louisiana,22013,Bienville,2002,"15,279",
22,Louisiana,22013,Bienville,2003,"15,077",
22,Louisiana,22013,Bienville,2004,"15,017",
22,Louisiana,22013,Bienville,2005,"14,852",
22,Louisiana,22013,Bienville,2006,"14,773",
22,Louisiana,22013,Bienville,2007,"14,699",
22,Louisiana,22013,Bienville,2008,"14,494",
22,Louisiana,22013,Bienville,2009,"14,435",
22,Louisiana,22013,Bienville,2010,"14,308",
22,Louisiana,22013,Bienville,2011,"14,261",
22,Louisiana,22013,Bienville,2012,"14,194",
22,Louisiana,22013,Bienville,2013,"13,966",
22,Louisiana,22013,Bienville,2014,"13,789",
22,Louisiana,22013,Bienville,2015,"13,830",
22,Louisiana,22015,Bossier,1996,"94,632",
22,Louisiana,22015,Bossier,1997,"96,659",
22,Louisiana,22015,Bossier,1998,"95,878",
22,Louisiana,22015,Bossier,1999,"97,284",
22,Louisiana,22015,Bossier,2000,"99,658",
22,Louisiana,22015,Bossier,2001,"100,986",
22,Louisiana,22015,Bossier,2002,"102,227",
22,Louisiana,22015,Bossier,2003,"103,088",
22,Louisiana,22015,Bossier,2004,"105,435",
22,Louisiana,22015,Bossier,2005,"107,477",
22,Louisiana,22015,Bossier,2006,"110,606",
22,Louisiana,22015,Bossier,2007,"112,048",
22,Louisiana,22015,Bossier,2008,"113,824",
22,Louisiana,22015,Bossier,2009,"115,187",
22,Louisiana,22015,Bossier,2010,"117,627",
22,Louisiana,22015,Bossier,2011,"120,023",
22,Louisiana,22015,Bossier,2012,"123,130",
22,Louisiana,22015,Bossier,2013,"123,965",
22,Louisiana,22015,Bossier,2014,"124,916",
22,Louisiana,22015,Bossier,2015,"125,722",
22,Louisiana,22017,Caddo,1996,"251,703",
22,Louisiana,22017,Caddo,1997,"252,025",
22,Louisiana,22017,Caddo,1998,"251,782",
22,Louisiana,22017,Caddo,1999,"251,876",
22,Louisiana,22017,Caddo,2000,"250,990",
22,Louisiana,22017,Caddo,2001,"249,815",
22,Louisiana,22017,Caddo,2002,"248,753",
22,Louisiana,22017,Caddo,2003,"248,346",
22,Louisiana,22017,Caddo,2004,"249,157",
22,Louisiana,22017,Caddo,2005,"249,593",
22,Louisiana,22017,Caddo,2006,"252,740",
22,Louisiana,22017,Caddo,2007,"251,760",
22,Louisiana,22017,Caddo,2008,"251,953",
22,Louisiana,22017,Caddo,2009,"253,245",
22,Louisiana,22017,Caddo,2010,"255,657",
22,Louisiana,22017,Caddo,2011,"256,997",
22,Louisiana,22017,Caddo,2012,"257,364",
22,Louisiana,22017,Caddo,2013,"255,255",
22,Louisiana,22017,Caddo,2014,"252,789",
22,Louisiana,22017,Caddo,2015,"251,577",
22,Louisiana,22019,Calcasieu,1996,"180,000",
22,Louisiana,22019,Calcasieu,1997,"181,411",
22,Louisiana,22019,Calcasieu,1998,"182,580",
22,Louisiana,22019,Calcasieu,1999,"183,417",
22,Louisiana,22019,Calcasieu,2000,"183,554",
22,Louisiana,22019,Calcasieu,2001,"183,296",
22,Louisiana,22019,Calcasieu,2002,"183,487",
22,Louisiana,22019,Calcasieu,2003,"184,701",
22,Louisiana,22019,Calcasieu,2004,"185,593",
22,Louisiana,22019,Calcasieu,2005,"186,417",
22,Louisiana,22019,Calcasieu,2006,"185,350",
22,Louisiana,22019,Calcasieu,2007,"187,081",
22,Louisiana,22019,Calcasieu,2008,"188,928",
22,Louisiana,22019,Calcasieu,2009,"191,080",
22,Louisiana,22019,Calcasieu,2010,"193,036",
22,Louisiana,22019,Calcasieu,2011,"193,813",
22,Louisiana,22019,Calcasieu,2012,"194,506",
22,Louisiana,22019,Calcasieu,2013,"195,506",
22,Louisiana,22019,Calcasieu,2014,"196,641",
22,Louisiana,22019,Calcasieu,2015,"198,542",
22,Louisiana,22021,Caldwell,1996,"10,257",
22,Louisiana,22021,Caldwell,1997,"10,421",
22,Louisiana,22021,Caldwell,1998,"10,452",
22,Louisiana,22021,Caldwell,1999,"10,540",
22,Louisiana,22021,Caldwell,2000,"10,559",
22,Louisiana,22021,Caldwell,2001,"10,429",
22,Louisiana,22021,Caldwell,2002,"10,429",
22,Louisiana,22021,Caldwell,2003,"10,352",
22,Louisiana,22021,Caldwell,2004,"10,382",
22,Louisiana,22021,Caldwell,2005,"10,247",
22,Louisiana,22021,Caldwell,2006,"10,224",
22,Louisiana,22021,Caldwell,2007,"10,189",
22,Louisiana,22021,Caldwell,2008,"10,224",
22,Louisiana,22021,Caldwell,2009,"10,185",
22,Louisiana,22021,Caldwell,2010,"10,154",
22,Louisiana,22021,Caldwell,2011,"10,128",
22,Louisiana,22021,Caldwell,2012,"10,046",
22,Louisiana,22021,Caldwell,2013,"9,981",
22,Louisiana,22021,Caldwell,2014,"9,946",
22,Louisiana,22021,Caldwell,2015,"10,052",
22,Louisiana,22023,Cameron,1996,"9,335",
22,Louisiana,22023,Cameron,1997,"9,665",
22,Louisiana,22023,Cameron,1998,"9,890",
22,Louisiana,22023,Cameron,1999,"9,991",
22,Louisiana,22023,Cameron,2000,"9,937",
22,Louisiana,22023,Cameron,2001,"9,875",
22,Louisiana,22023,Cameron,2002,"9,834",
22,Louisiana,22023,Cameron,2003,"9,851",
22,Louisiana,22023,Cameron,2004,"9,851",
22,Louisiana,22023,Cameron,2005,"9,846",
22,Louisiana,22023,Cameron,2006,"7,719",
22,Louisiana,22023,Cameron,2007,"7,517",
22,Louisiana,22023,Cameron,2008,"7,434",
22,Louisiana,22023,Cameron,2009,"6,930",
22,Louisiana,22023,Cameron,2010,"6,907",
22,Louisiana,22023,Cameron,2011,"6,662",
22,Louisiana,22023,Cameron,2012,"6,620",
22,Louisiana,22023,Cameron,2013,"6,703",
22,Louisiana,22023,Cameron,2014,"6,715",
22,Louisiana,22023,Cameron,2015,"6,815",
22,Louisiana,22025,Catahoula,1996,"11,105",
22,Louisiana,22025,Catahoula,1997,"11,031",
22,Louisiana,22025,Catahoula,1998,"11,050",
22,Louisiana,22025,Catahoula,1999,"10,956",
22,Louisiana,22025,Catahoula,2000,"10,882",
22,Louisiana,22025,Catahoula,2001,"10,767",
22,Louisiana,22025,Catahoula,2002,"10,635",
22,Louisiana,22025,Catahoula,2003,"10,542",
22,Louisiana,22025,Catahoula,2004,"10,448",
22,Louisiana,22025,Catahoula,2005,"10,258",
22,Louisiana,22025,Catahoula,2006,"10,423",
22,Louisiana,22025,Catahoula,2007,"10,481",
22,Louisiana,22025,Catahoula,2008,"10,567",
22,Louisiana,22025,Catahoula,2009,"10,471",
22,Louisiana,22025,Catahoula,2010,"10,378",
22,Louisiana,22025,Catahoula,2011,"10,284",
22,Louisiana,22025,Catahoula,2012,"10,246",
22,Louisiana,22025,Catahoula,2013,"10,255",
22,Louisiana,22025,Catahoula,2014,"10,140",
22,Louisiana,22025,Catahoula,2015,"10,038",
22,Louisiana,22027,Claiborne,1996,"17,054",
22,Louisiana,22027,Claiborne,1997,"17,005",
22,Louisiana,22027,Claiborne,1998,"17,012",
22,Louisiana,22027,Claiborne,1999,"16,975",
22,Louisiana,22027,Claiborne,2000,"16,811",
22,Louisiana,22027,Claiborne,2001,"16,810",
22,Louisiana,22027,Claiborne,2002,"16,728",
22,Louisiana,22027,Claiborne,2003,"16,825",
22,Louisiana,22027,Claiborne,2004,"16,855",
22,Louisiana,22027,Claiborne,2005,"16,908",
22,Louisiana,22027,Claiborne,2006,"17,109",
22,Louisiana,22027,Claiborne,2007,"17,149",
22,Louisiana,22027,Claiborne,2008,"17,169",
22,Louisiana,22027,Claiborne,2009,"17,230",
22,Louisiana,22027,Claiborne,2010,"17,175",
22,Louisiana,22027,Claiborne,2011,"16,936",
22,Louisiana,22027,Claiborne,2012,"16,872",
22,Louisiana,22027,Claiborne,2013,"16,671",
22,Louisiana,22027,Claiborne,2014,"16,411",
22,Louisiana,22027,Claiborne,2015,"16,266",
22,Louisiana,22029,Concordia,1996,"20,654",
22,Louisiana,22029,Concordia,1997,"20,496",
22,Louisiana,22029,Concordia,1998,"20,532",
22,Louisiana,22029,Concordia,1999,"20,348",
22,Louisiana,22029,Concordia,2000,"20,225",
22,Louisiana,22029,Concordia,2001,"20,134",
22,Louisiana,22029,Concordia,2002,"20,132",
22,Louisiana,22029,Concordia,2003,"20,074",
22,Louisiana,22029,Concordia,2004,"19,972",
22,Louisiana,22029,Concordia,2005,"19,885",
22,Louisiana,22029,Concordia,2006,"20,315",
22,Louisiana,22029,Concordia,2007,"20,244",
22,Louisiana,22029,Concordia,2008,"20,420",
22,Louisiana,22029,Concordia,2009,"20,726",
22,Louisiana,22029,Concordia,2010,"20,839",
22,Louisiana,22029,Concordia,2011,"20,835",
22,Louisiana,22029,Concordia,2012,"20,495",
22,Louisiana,22029,Concordia,2013,"20,496",
22,Louisiana,22029,Concordia,2014,"20,474",
22,Louisiana,22029,Concordia,2015,"20,227",
22,Louisiana,22031,De Soto,1996,"25,002",
22,Louisiana,22031,De Soto,1997,"25,301",
22,Louisiana,22031,De Soto,1998,"25,264",
22,Louisiana,22031,De Soto,1999,"25,447",
22,Louisiana,22031,De Soto,2000,"25,502",
22,Louisiana,22031,De Soto,2001,"25,449",
22,Louisiana,22031,De Soto,2002,"25,598",
22,Louisiana,22031,De Soto,2003,"25,675",
22,Louisiana,22031,De Soto,2004,"25,958",
22,Louisiana,22031,De Soto,2005,"26,029",
22,Louisiana,22031,De Soto,2006,"26,175",
22,Louisiana,22031,De Soto,2007,"26,413",
22,Louisiana,22031,De Soto,2008,"26,590",
22,Louisiana,22031,De Soto,2009,"26,413",
22,Louisiana,22031,De Soto,2010,"26,668",
22,Louisiana,22031,De Soto,2011,"26,774",
22,Louisiana,22031,De Soto,2012,"27,022",
22,Louisiana,22031,De Soto,2013,"27,092",
22,Louisiana,22031,De Soto,2014,"27,066",
22,Louisiana,22031,De Soto,2015,"27,111",
22,Louisiana,22033,East Baton Rouge,1996,"407,473",
22,Louisiana,22033,East Baton Rouge,1997,"408,960",
22,Louisiana,22033,East Baton Rouge,1998,"410,256",
22,Louisiana,22033,East Baton Rouge,1999,"412,110",
22,Louisiana,22033,East Baton Rouge,2000,"412,958",
22,Louisiana,22033,East Baton Rouge,2001,"411,666",
22,Louisiana,22033,East Baton Rouge,2002,"411,024",
22,Louisiana,22033,East Baton Rouge,2003,"412,553",
22,Louisiana,22033,East Baton Rouge,2004,"414,162",
22,Louisiana,22033,East Baton Rouge,2005,"413,812",
22,Louisiana,22033,East Baton Rouge,2006,"433,474",
22,Louisiana,22033,East Baton Rouge,2007,"433,344",
22,Louisiana,22033,East Baton Rouge,2008,"433,723",
22,Louisiana,22033,East Baton Rouge,2009,"437,623",
22,Louisiana,22033,East Baton Rouge,2010,"440,625",
22,Louisiana,22033,East Baton Rouge,2011,"441,158",
22,Louisiana,22033,East Baton Rouge,2012,"442,980",
22,Louisiana,22033,East Baton Rouge,2013,"444,451",
22,Louisiana,22033,East Baton Rouge,2014,"445,887",
22,Louisiana,22033,East Baton Rouge,2015,"446,496",
22,Louisiana,22035,East Carroll,1996,"9,529",
22,Louisiana,22035,East Carroll,1997,"9,434",
22,Louisiana,22035,East Carroll,1998,"9,450",
22,Louisiana,22035,East Carroll,1999,"9,426",
22,Louisiana,22035,East Carroll,2000,"9,384",
22,Louisiana,22035,East Carroll,2001,"9,136",
22,Louisiana,22035,East Carroll,2002,"8,911",
22,Louisiana,22035,East Carroll,2003,"8,750",
22,Louisiana,22035,East Carroll,2004,"8,588",
22,Louisiana,22035,East Carroll,2005,"8,374",
22,Louisiana,22035,East Carroll,2006,"8,188",
22,Louisiana,22035,East Carroll,2007,"8,102",
22,Louisiana,22035,East Carroll,2008,"7,939",
22,Louisiana,22035,East Carroll,2009,"7,862",
22,Louisiana,22035,East Carroll,2010,"7,737",
22,Louisiana,22035,East Carroll,2011,"7,657",
22,Louisiana,22035,East Carroll,2012,"7,577",
22,Louisiana,22035,East Carroll,2013,"7,498",
22,Louisiana,22035,East Carroll,2014,"7,440",
22,Louisiana,22035,East Carroll,2015,"7,275",
22,Louisiana,22037,East Feliciana,1996,"20,928",
22,Louisiana,22037,East Feliciana,1997,"20,921",
22,Louisiana,22037,East Feliciana,1998,"21,082",
22,Louisiana,22037,East Feliciana,1999,"21,272",
22,Louisiana,22037,East Feliciana,2000,"21,298",
22,Louisiana,22037,East Feliciana,2001,"20,978",
22,Louisiana,22037,East Feliciana,2002,"20,667",
22,Louisiana,22037,East Feliciana,2003,"20,502",
22,Louisiana,22037,East Feliciana,2004,"20,266",
22,Louisiana,22037,East Feliciana,2005,"20,093",
22,Louisiana,22037,East Feliciana,2006,"20,559",
22,Louisiana,22037,East Feliciana,2007,"20,432",
22,Louisiana,22037,East Feliciana,2008,"20,415",
22,Louisiana,22037,East Feliciana,2009,"20,487",
22,Louisiana,22037,East Feliciana,2010,"20,160",
22,Louisiana,22037,East Feliciana,2011,"20,086",
22,Louisiana,22037,East Feliciana,2012,"19,862",
22,Louisiana,22037,East Feliciana,2013,"19,605",
22,Louisiana,22037,East Feliciana,2014,"19,682",
22,Louisiana,22037,East Feliciana,2015,"19,545",
22,Louisiana,22039,Evangeline,1996,"34,858",
22,Louisiana,22039,Evangeline,1997,"34,949",
22,Louisiana,22039,Evangeline,1998,"35,094",
22,Louisiana,22039,Evangeline,1999,"35,396",
22,Louisiana,22039,Evangeline,2000,"35,414",
22,Louisiana,22039,Evangeline,2001,"35,155",
22,Louisiana,22039,Evangeline,2002,"34,894",
22,Louisiana,22039,Evangeline,2003,"34,513",
22,Louisiana,22039,Evangeline,2004,"34,399",
22,Louisiana,22039,Evangeline,2005,"34,532",
22,Louisiana,22039,Evangeline,2006,"34,839",
22,Louisiana,22039,Evangeline,2007,"34,873",
22,Louisiana,22039,Evangeline,2008,"34,316",
22,Louisiana,22039,Evangeline,2009,"34,078",
22,Louisiana,22039,Evangeline,2010,"33,956",
22,Louisiana,22039,Evangeline,2011,"33,822",
22,Louisiana,22039,Evangeline,2012,"33,751",
22,Louisiana,22039,Evangeline,2013,"33,834",
22,Louisiana,22039,Evangeline,2014,"33,763",
22,Louisiana,22039,Evangeline,2015,"33,734",
22,Louisiana,22041,Franklin,1996,"21,607",
22,Louisiana,22041,Franklin,1997,"21,579",
22,Louisiana,22041,Franklin,1998,"21,489",
22,Louisiana,22041,Franklin,1999,"21,279",
22,Louisiana,22041,Franklin,2000,"21,261",
22,Louisiana,22041,Franklin,2001,"21,070",
22,Louisiana,22041,Franklin,2002,"20,939",
22,Louisiana,22041,Franklin,2003,"20,942",
22,Louisiana,22041,Franklin,2004,"20,895",
22,Louisiana,22041,Franklin,2005,"20,660",
22,Louisiana,22041,Franklin,2006,"20,685",
22,Louisiana,22041,Franklin,2007,"20,740",
22,Louisiana,22041,Franklin,2008,"20,758",
22,Louisiana,22041,Franklin,2009,"20,677",
22,Louisiana,22041,Franklin,2010,"20,810",
22,Louisiana,22041,Franklin,2011,"20,768",
22,Louisiana,22041,Franklin,2012,"20,572",
22,Louisiana,22041,Franklin,2013,"20,507",
22,Louisiana,22041,Franklin,2014,"20,428",
22,Louisiana,22041,Franklin,2015,"20,379",
22,Louisiana,22043,Grant,1996,"18,244",
22,Louisiana,22043,Grant,1997,"18,219",
22,Louisiana,22043,Grant,1998,"18,470",
22,Louisiana,22043,Grant,1999,"18,699",
22,Louisiana,22043,Grant,2000,"18,734",
22,Louisiana,22043,Grant,2001,"18,896",
22,Louisiana,22043,Grant,2002,"19,133",
22,Louisiana,22043,Grant,2003,"19,420",
22,Louisiana,22043,Grant,2004,"19,878",
22,Louisiana,22043,Grant,2005,"20,386",
22,Louisiana,22043,Grant,2006,"21,039",
22,Louisiana,22043,Grant,2007,"21,268",
22,Louisiana,22043,Grant,2008,"21,657",
22,Louisiana,22043,Grant,2009,"22,069",
22,Louisiana,22043,Grant,2010,"22,335",
22,Louisiana,22043,Grant,2011,"22,370",
22,Louisiana,22043,Grant,2012,"22,379",
22,Louisiana,22043,Grant,2013,"22,280",
22,Louisiana,22043,Grant,2014,"22,331",
22,Louisiana,22043,Grant,2015,"22,279",
22,Louisiana,22045,Iberia,1996,"71,378",
22,Louisiana,22045,Iberia,1997,"72,024",
22,Louisiana,22045,Iberia,1998,"72,674",
22,Louisiana,22045,Iberia,1999,"73,243",
22,Louisiana,22045,Iberia,2000,"73,170",
22,Louisiana,22045,Iberia,2001,"72,993",
22,Louisiana,22045,Iberia,2002,"72,862",
22,Louisiana,22045,Iberia,2003,"72,760",
22,Louisiana,22045,Iberia,2004,"72,590",
22,Louisiana,22045,Iberia,2005,"72,641",
22,Louisiana,22045,Iberia,2006,"73,362",
22,Louisiana,22045,Iberia,2007,"73,482",
22,Louisiana,22045,Iberia,2008,"73,522",
22,Louisiana,22045,Iberia,2009,"73,372",
22,Louisiana,22045,Iberia,2010,"73,270",
22,Louisiana,22045,Iberia,2011,"73,504",
22,Louisiana,22045,Iberia,2012,"73,783",
22,Louisiana,22045,Iberia,2013,"73,886",
22,Louisiana,22045,Iberia,2014,"73,758",
22,Louisiana,22045,Iberia,2015,"73,833",
22,Louisiana,22047,Iberville,1996,"32,173",
22,Louisiana,22047,Iberville,1997,"32,468",
22,Louisiana,22047,Iberville,1998,"33,004",
22,Louisiana,22047,Iberville,1999,"33,191",
22,Louisiana,22047,Iberville,2000,"33,321",
22,Louisiana,22047,Iberville,2001,"33,327",
22,Louisiana,22047,Iberville,2002,"33,242",
22,Louisiana,22047,Iberville,2003,"33,042",
22,Louisiana,22047,Iberville,2004,"32,717",
22,Louisiana,22047,Iberville,2005,"32,697",
22,Louisiana,22047,Iberville,2006,"33,519",
22,Louisiana,22047,Iberville,2007,"33,603",
22,Louisiana,22047,Iberville,2008,"33,685",
22,Louisiana,22047,Iberville,2009,"33,393",
22,Louisiana,22047,Iberville,2010,"33,391",
22,Louisiana,22047,Iberville,2011,"33,353",
22,Louisiana,22047,Iberville,2012,"33,331",
22,Louisiana,22047,Iberville,2013,"33,376",
22,Louisiana,22047,Iberville,2014,"33,136",
22,Louisiana,22047,Iberville,2015,"33,152",
22,Louisiana,22049,Jackson,1996,"15,525",
22,Louisiana,22049,Jackson,1997,"15,525",
22,Louisiana,22049,Jackson,1998,"15,396",
22,Louisiana,22049,Jackson,1999,"15,398",
22,Louisiana,22049,Jackson,2000,"15,415",
22,Louisiana,22049,Jackson,2001,"15,517",
22,Louisiana,22049,Jackson,2002,"15,470",
22,Louisiana,22049,Jackson,2003,"15,575",
22,Louisiana,22049,Jackson,2004,"15,650",
22,Louisiana,22049,Jackson,2005,"15,674",
22,Louisiana,22049,Jackson,2006,"15,950",
22,Louisiana,22049,Jackson,2007,"15,922",
22,Louisiana,22049,Jackson,2008,"16,105",
22,Louisiana,22049,Jackson,2009,"16,118",
22,Louisiana,22049,Jackson,2010,"16,309",
22,Louisiana,22049,Jackson,2011,"16,350",
22,Louisiana,22049,Jackson,2012,"16,265",
22,Louisiana,22049,Jackson,2013,"16,132",
22,Louisiana,22049,Jackson,2014,"15,991",
22,Louisiana,22049,Jackson,2015,"15,946",
22,Louisiana,22051,Jefferson,1996,"460,433",
22,Louisiana,22051,Jefferson,1997,"459,207",
22,Louisiana,22051,Jefferson,1998,"458,575",
22,Louisiana,22051,Jefferson,1999,"457,571",
22,Louisiana,22051,Jefferson,2000,"454,936",
22,Louisiana,22051,Jefferson,2001,"453,154",
22,Louisiana,22051,Jefferson,2002,"453,429",
22,Louisiana,22051,Jefferson,2003,"454,533",
22,Louisiana,22051,Jefferson,2004,"456,602",
22,Louisiana,22051,Jefferson,2005,"456,554",
22,Louisiana,22051,Jefferson,2006,"426,285",
22,Louisiana,22051,Jefferson,2007,"432,683",
22,Louisiana,22051,Jefferson,2008,"431,759",
22,Louisiana,22051,Jefferson,2009,"431,921",
22,Louisiana,22051,Jefferson,2010,"432,679",
22,Louisiana,22051,Jefferson,2011,"434,034",
22,Louisiana,22051,Jefferson,2012,"434,559",
22,Louisiana,22051,Jefferson,2013,"435,197",
22,Louisiana,22051,Jefferson,2014,"435,585",
22,Louisiana,22051,Jefferson,2015,"436,888",
22,Louisiana,22053,Jefferson Davis,1996,"31,805",
22,Louisiana,22053,Jefferson Davis,1997,"31,736",
22,Louisiana,22053,Jefferson Davis,1998,"31,657",
22,Louisiana,22053,Jefferson Davis,1999,"31,525",
22,Louisiana,22053,Jefferson Davis,2000,"31,506",
22,Louisiana,22053,Jefferson Davis,2001,"31,232",
22,Louisiana,22053,Jefferson Davis,2002,"31,113",
22,Louisiana,22053,Jefferson Davis,2003,"31,091",
22,Louisiana,22053,Jefferson Davis,2004,"31,076",
22,Louisiana,22053,Jefferson Davis,2005,"31,202",
22,Louisiana,22053,Jefferson Davis,2006,"31,489",
22,Louisiana,22053,Jefferson Davis,2007,"31,379",
22,Louisiana,22053,Jefferson Davis,2008,"31,497",
22,Louisiana,22053,Jefferson Davis,2009,"31,530",
22,Louisiana,22053,Jefferson Davis,2010,"31,634",
22,Louisiana,22053,Jefferson Davis,2011,"31,590",
22,Louisiana,22053,Jefferson Davis,2012,"31,448",
22,Louisiana,22053,Jefferson Davis,2013,"31,299",
22,Louisiana,22053,Jefferson Davis,2014,"31,450",
22,Louisiana,22053,Jefferson Davis,2015,"31,428",
22,Louisiana,22059,La Salle,1996,"13,948",
22,Louisiana,22059,La Salle,1997,"13,912",
22,Louisiana,22059,La Salle,1998,"13,871",
22,Louisiana,22059,La Salle,1999,"14,219",
22,Louisiana,22059,La Salle,2000,"14,271",
22,Louisiana,22059,La Salle,2001,"14,207",
22,Louisiana,22059,La Salle,2002,"14,359",
22,Louisiana,22059,La Salle,2003,"14,356",
22,Louisiana,22059,La Salle,2004,"14,366",
22,Louisiana,22059,La Salle,2005,"14,313",
22,Louisiana,22059,La Salle,2006,"14,519",
22,Louisiana,22059,La Salle,2007,"14,570",
22,Louisiana,22059,La Salle,2008,"14,667",
22,Louisiana,22059,La Salle,2009,"14,717",
22,Louisiana,22059,La Salle,2010,"14,907",
22,Louisiana,22059,La Salle,2011,"14,930",
22,Louisiana,22059,La Salle,2012,"14,854",
22,Louisiana,22059,La Salle,2013,"14,812",
22,Louisiana,22059,La Salle,2014,"14,870",
22,Louisiana,22059,La Salle,2015,"14,984",
22,Louisiana,22055,Lafayette,1996,"183,320",
22,Louisiana,22055,Lafayette,1997,"186,421",
22,Louisiana,22055,Lafayette,1998,"188,716",
22,Louisiana,22055,Lafayette,1999,"190,049",
22,Louisiana,22055,Lafayette,2000,"190,516",
22,Louisiana,22055,Lafayette,2001,"191,725",
22,Louisiana,22055,Lafayette,2002,"194,565",
22,Louisiana,22055,Lafayette,2003,"196,710",
22,Louisiana,22055,Lafayette,2004,"199,338",
22,Louisiana,22055,Lafayette,2005,"202,053",
22,Louisiana,22055,Lafayette,2006,"209,424",
22,Louisiana,22055,Lafayette,2007,"211,826",
22,Louisiana,22055,Lafayette,2008,"215,139",
22,Louisiana,22055,Lafayette,2009,"219,466",
22,Louisiana,22055,Lafayette,2010,"222,159",
22,Louisiana,22055,Lafayette,2011,"224,375",
22,Louisiana,22055,Lafayette,2012,"227,197",
22,Louisiana,22055,Lafayette,2013,"231,418",
22,Louisiana,22055,Lafayette,2014,"235,834",
22,Louisiana,22055,Lafayette,2015,"239,665",
22,Louisiana,22057,Lafourche,1996,"87,805",
22,Louisiana,22057,Lafourche,1997,"88,650",
22,Louisiana,22057,Lafourche,1998,"89,454",
22,Louisiana,22057,Lafourche,1999,"90,062",
22,Louisiana,22057,Lafourche,2000,"89,775",
22,Louisiana,22057,Lafourche,2001,"90,105",
22,Louisiana,22057,Lafourche,2002,"90,994",
22,Louisiana,22057,Lafourche,2003,"91,899",
22,Louisiana,22057,Lafourche,2004,"92,580",
22,Louisiana,22057,Lafourche,2005,"92,656",
22,Louisiana,22057,Lafourche,2006,"94,385",
22,Louisiana,22057,Lafourche,2007,"94,745",
22,Louisiana,22057,Lafourche,2008,"95,603",
22,Louisiana,22057,Lafourche,2009,"96,080",
22,Louisiana,22057,Lafourche,2010,"96,737",
22,Louisiana,22057,Lafourche,2011,"97,011",
22,Louisiana,22057,Lafourche,2012,"97,177",
22,Louisiana,22057,Lafourche,2013,"97,254",
22,Louisiana,22057,Lafourche,2014,"97,901",
22,Louisiana,22057,Lafourche,2015,"98,363",
22,Louisiana,22061,Lincoln,1996,"43,110",
22,Louisiana,22061,Lincoln,1997,"42,789",
22,Louisiana,22061,Lincoln,1998,"42,513",
22,Louisiana,22061,Lincoln,1999,"42,435",
22,Louisiana,22061,Lincoln,2000,"42,575",
22,Louisiana,22061,Lincoln,2001,"42,625",
22,Louisiana,22061,Lincoln,2002,"42,808",
22,Louisiana,22061,Lincoln,2003,"43,539",
22,Louisiana,22061,Lincoln,2004,"44,272",
22,Louisiana,22061,Lincoln,2005,"44,580",
22,Louisiana,22061,Lincoln,2006,"44,867",
22,Louisiana,22061,Lincoln,2007,"45,323",
22,Louisiana,22061,Lincoln,2008,"45,726",
22,Louisiana,22061,Lincoln,2009,"46,270",
22,Louisiana,22061,Lincoln,2010,"46,858",
22,Louisiana,22061,Lincoln,2011,"47,053",
22,Louisiana,22061,Lincoln,2012,"47,090",
22,Louisiana,22061,Lincoln,2013,"47,313",
22,Louisiana,22061,Lincoln,2014,"47,342",
22,Louisiana,22061,Lincoln,2015,"47,634",
22,Louisiana,22063,Livingston,1996,"81,668",
22,Louisiana,22063,Livingston,1997,"84,364",
22,Louisiana,22063,Livingston,1998,"86,938",
22,Louisiana,22063,Livingston,1999,"89,799",
22,Louisiana,22063,Livingston,2000,"92,648",
22,Louisiana,22063,Livingston,2001,"95,597",
22,Louisiana,22063,Livingston,2002,"99,007",
22,Louisiana,22063,Livingston,2003,"102,146",
22,Louisiana,22063,Livingston,2004,"106,048",
22,Louisiana,22063,Livingston,2005,"109,208",
22,Louisiana,22063,Livingston,2006,"115,722",
22,Louisiana,22063,Livingston,2007,"119,528",
22,Louisiana,22063,Livingston,2008,"123,962",
22,Louisiana,22063,Livingston,2009,"126,230",
22,Louisiana,22063,Livingston,2010,"128,709",
22,Louisiana,22063,Livingston,2011,"130,160",
22,Louisiana,22063,Livingston,2012,"131,843",
22,Louisiana,22063,Livingston,2013,"134,029",
22,Louisiana,22063,Livingston,2014,"135,579",
22,Louisiana,22063,Livingston,2015,"137,564",
22,Louisiana,22065,Madison,1996,"13,629",
22,Louisiana,22065,Madison,1997,"13,676",
22,Louisiana,22065,Madison,1998,"13,634",
22,Louisiana,22065,Madison,1999,"13,672",
22,Louisiana,22065,Madison,2000,"13,704",
22,Louisiana,22065,Madison,2001,"13,493",
22,Louisiana,22065,Madison,2002,"13,180",
22,Louisiana,22065,Madison,2003,"12,959",
22,Louisiana,22065,Madison,2004,"12,806",
22,Louisiana,22065,Madison,2005,"12,663",
22,Louisiana,22065,Madison,2006,"12,537",
22,Louisiana,22065,Madison,2007,"12,410",
22,Louisiana,22065,Madison,2008,"12,340",
22,Louisiana,22065,Madison,2009,"12,040",
22,Louisiana,22065,Madison,2010,"12,105",
22,Louisiana,22065,Madison,2011,"11,975",
22,Louisiana,22065,Madison,2012,"12,211",
22,Louisiana,22065,Madison,2013,"11,908",
22,Louisiana,22065,Madison,2014,"11,819",
22,Louisiana,22065,Madison,2015,"11,552",
22,Louisiana,22067,Morehouse,1996,"31,747",
22,Louisiana,22067,Morehouse,1997,"31,598",
22,Louisiana,22067,Morehouse,1998,"31,338",
22,Louisiana,22067,Morehouse,1999,"31,122",
22,Louisiana,22067,Morehouse,2000,"30,961",
22,Louisiana,22067,Morehouse,2001,"30,605",
22,Louisiana,22067,Morehouse,2002,"30,319",
22,Louisiana,22067,Morehouse,2003,"30,224",
22,Louisiana,22067,Morehouse,2004,"29,891",
22,Louisiana,22067,Morehouse,2005,"29,355",
22,Louisiana,22067,Morehouse,2006,"29,079",
22,Louisiana,22067,Morehouse,2007,"28,478",
22,Louisiana,22067,Morehouse,2008,"28,311",
22,Louisiana,22067,Morehouse,2009,"28,147",
22,Louisiana,22067,Morehouse,2010,"27,872",
22,Louisiana,22067,Morehouse,2011,"27,476",
22,Louisiana,22067,Morehouse,2012,"27,377",
22,Louisiana,22067,Morehouse,2013,"26,935",
22,Louisiana,22067,Morehouse,2014,"26,653",
22,Louisiana,22067,Morehouse,2015,"26,309",
22,Louisiana,22069,Natchitoches,1996,"38,188",
22,Louisiana,22069,Natchitoches,1997,"38,239",
22,Louisiana,22069,Natchitoches,1998,"38,297",
22,Louisiana,22069,Natchitoches,1999,"38,814",
22,Louisiana,22069,Natchitoches,2000,"39,089",
22,Louisiana,22069,Natchitoches,2001,"38,844",
22,Louisiana,22069,Natchitoches,2002,"39,178",
22,Louisiana,22069,Natchitoches,2003,"38,924",
22,Louisiana,22069,Natchitoches,2004,"38,950",
22,Louisiana,22069,Natchitoches,2005,"39,107",
22,Louisiana,22069,Natchitoches,2006,"38,984",
22,Louisiana,22069,Natchitoches,2007,"39,114",
22,Louisiana,22069,Natchitoches,2008,"39,244",
22,Louisiana,22069,Natchitoches,2009,"39,425",
22,Louisiana,22069,Natchitoches,2010,"39,526",
22,Louisiana,22069,Natchitoches,2011,"39,371",
22,Louisiana,22069,Natchitoches,2012,"39,337",
22,Louisiana,22069,Natchitoches,2013,"39,112",
22,Louisiana,22069,Natchitoches,2014,"39,126",
22,Louisiana,22069,Natchitoches,2015,"39,003",
22,Louisiana,22071,Orleans,1996,"490,610",
22,Louisiana,22071,Orleans,1997,"488,061",
22,Louisiana,22071,Orleans,1998,"485,801",
22,Louisiana,22071,Orleans,1999,"485,513",
22,Louisiana,22071,Orleans,2000,"485,610",
22,Louisiana,22071,Orleans,2001,"487,363",
22,Louisiana,22071,Orleans,2002,"489,722",
22,Louisiana,22071,Orleans,2003,"492,187",
22,Louisiana,22071,Orleans,2004,"493,765",
22,Louisiana,22071,Orleans,2005,"494,294",
22,Louisiana,22071,Orleans,2006,"230,172",
22,Louisiana,22071,Orleans,2007,"268,751",
22,Louisiana,22071,Orleans,2008,"301,842",
22,Louisiana,22071,Orleans,2009,"327,803",
22,Louisiana,22071,Orleans,2010,"347,824",
22,Louisiana,22071,Orleans,2011,"360,661",
22,Louisiana,22071,Orleans,2012,"370,080",
22,Louisiana,22071,Orleans,2013,"379,125",
22,Louisiana,22071,Orleans,2014,"384,763",
22,Louisiana,22071,Orleans,2015,"390,711",
22,Louisiana,22073,Ouachita,1996,"147,316",
22,Louisiana,22073,Ouachita,1997,"147,692",
22,Louisiana,22073,Ouachita,1998,"147,640",
22,Louisiana,22073,Ouachita,1999,"147,190",
22,Louisiana,22073,Ouachita,2000,"147,271",
22,Louisiana,22073,Ouachita,2001,"146,789",
22,Louisiana,22073,Ouachita,2002,"147,728",
22,Louisiana,22073,Ouachita,2003,"148,549",
22,Louisiana,22073,Ouachita,2004,"149,293",
22,Louisiana,22073,Ouachita,2005,"149,476",
22,Louisiana,22073,Ouachita,2006,"151,183",
22,Louisiana,22073,Ouachita,2007,"151,157",
22,Louisiana,22073,Ouachita,2008,"151,727",
22,Louisiana,22073,Ouachita,2009,"153,058",
22,Louisiana,22073,Ouachita,2010,"153,969",
22,Louisiana,22073,Ouachita,2011,"154,594",
22,Louisiana,22073,Ouachita,2012,"155,244",
22,Louisiana,22073,Ouachita,2013,"156,061",
22,Louisiana,22073,Ouachita,2014,"156,382",
22,Louisiana,22073,Ouachita,2015,"156,911",
22,Louisiana,22075,Plaquemines,1996,"26,149",
22,Louisiana,22075,Plaquemines,1997,"26,430",
22,Louisiana,22075,Plaquemines,1998,"26,727",
22,Louisiana,22075,Plaquemines,1999,"26,689",
22,Louisiana,22075,Plaquemines,2000,"26,758",
22,Louisiana,22075,Plaquemines,2001,"27,029",
22,Louisiana,22075,Plaquemines,2002,"27,462",
22,Louisiana,22075,Plaquemines,2003,"28,169",
22,Louisiana,22075,Plaquemines,2004,"29,390",
22,Louisiana,22075,Plaquemines,2005,"29,558",
22,Louisiana,22075,Plaquemines,2006,"22,329",
22,Louisiana,22075,Plaquemines,2007,"22,709",
22,Louisiana,22075,Plaquemines,2008,"22,677",
22,Louisiana,22075,Plaquemines,2009,"22,730",
22,Louisiana,22075,Plaquemines,2010,"23,123",
22,Louisiana,22075,Plaquemines,2011,"23,588",
22,Louisiana,22075,Plaquemines,2012,"23,837",
22,Louisiana,22075,Plaquemines,2013,"23,524",
22,Louisiana,22075,Plaquemines,2014,"23,322",
22,Louisiana,22075,Plaquemines,2015,"23,450",
22,Louisiana,22077,Pointe Coupee,1996,"22,743",
22,Louisiana,22077,Pointe Coupee,1997,"23,148",
22,Louisiana,22077,Pointe Coupee,1998,"22,991",
22,Louisiana,22077,Pointe Coupee,1999,"22,807",
22,Louisiana,22077,Pointe Coupee,2000,"22,759",
22,Louisiana,22077,Pointe Coupee,2001,"22,574",
22,Louisiana,22077,Pointe Coupee,2002,"22,451",
22,Louisiana,22077,Pointe Coupee,2003,"22,369",
22,Louisiana,22077,Pointe Coupee,2004,"22,332",
22,Louisiana,22077,Pointe Coupee,2005,"22,075",
22,Louisiana,22077,Pointe Coupee,2006,"22,754",
22,Louisiana,22077,Pointe Coupee,2007,"22,848",
22,Louisiana,22077,Pointe Coupee,2008,"22,966",
22,Louisiana,22077,Pointe Coupee,2009,"22,847",
22,Louisiana,22077,Pointe Coupee,2010,"22,816",
22,Louisiana,22077,Pointe Coupee,2011,"22,797",
22,Louisiana,22077,Pointe Coupee,2012,"22,670",
22,Louisiana,22077,Pointe Coupee,2013,"22,420",
22,Louisiana,22077,Pointe Coupee,2014,"22,305",
22,Louisiana,22077,Pointe Coupee,2015,"22,204",
22,Louisiana,22079,Rapides,1996,"125,726",
22,Louisiana,22079,Rapides,1997,"125,767",
22,Louisiana,22079,Rapides,1998,"125,860",
22,Louisiana,22079,Rapides,1999,"126,104",
22,Louisiana,22079,Rapides,2000,"126,445",
22,Louisiana,22079,Rapides,2001,"126,206",
22,Louisiana,22079,Rapides,2002,"126,283",
22,Louisiana,22079,Rapides,2003,"126,597",
22,Louisiana,22079,Rapides,2004,"127,095",
22,Louisiana,22079,Rapides,2005,"127,544",
22,Louisiana,22079,Rapides,2006,"130,103",
22,Louisiana,22079,Rapides,2007,"130,238",
22,Louisiana,22079,Rapides,2008,"130,785",
22,Louisiana,22079,Rapides,2009,"131,095",
22,Louisiana,22079,Rapides,2010,"131,772",
22,Louisiana,22079,Rapides,2011,"132,004",
22,Louisiana,22079,Rapides,2012,"132,057",
22,Louisiana,22079,Rapides,2013,"132,359",
22,Louisiana,22079,Rapides,2014,"132,302",
22,Louisiana,22079,Rapides,2015,"131,993",
22,Louisiana,22081,Red River,1996,"9,833",
22,Louisiana,22081,Red River,1997,"9,798",
22,Louisiana,22081,Red River,1998,"9,780",
22,Louisiana,22081,Red River,1999,"9,664",
22,Louisiana,22081,Red River,2000,"9,598",
22,Louisiana,22081,Red River,2001,"9,494",
22,Louisiana,22081,Red River,2002,"9,464",
22,Louisiana,22081,Red River,2003,"9,468",
22,Louisiana,22081,Red River,2004,"9,433",
22,Louisiana,22081,Red River,2005,"9,295",
22,Louisiana,22081,Red River,2006,"9,281",
22,Louisiana,22081,Red River,2007,"9,245",
22,Louisiana,22081,Red River,2008,"9,185",
22,Louisiana,22081,Red River,2009,"9,117",
22,Louisiana,22081,Red River,2010,"9,099",
22,Louisiana,22081,Red River,2011,"9,082",
22,Louisiana,22081,Red River,2012,"9,074",
22,Louisiana,22081,Red River,2013,"8,964",
22,Louisiana,22081,Red River,2014,"8,765",
22,Louisiana,22081,Red River,2015,"8,715",
22,Louisiana,22083,Richland,1996,"20,841",
22,Louisiana,22083,Richland,1997,"20,950",
22,Louisiana,22083,Richland,1998,"21,038",
22,Louisiana,22083,Richland,1999,"21,039",
22,Louisiana,22083,Richland,2000,"20,935",
22,Louisiana,22083,Richland,2001,"20,880",
22,Louisiana,22083,Richland,2002,"20,784",
22,Louisiana,22083,Richland,2003,"20,576",
22,Louisiana,22083,Richland,2004,"20,487",
22,Louisiana,22083,Richland,2005,"20,466",
22,Louisiana,22083,Richland,2006,"20,661",
22,Louisiana,22083,Richland,2007,"20,670",
22,Louisiana,22083,Richland,2008,"20,727",
22,Louisiana,22083,Richland,2009,"20,664",
22,Louisiana,22083,Richland,2010,"20,760",
22,Louisiana,22083,Richland,2011,"20,889",
22,Louisiana,22083,Richland,2012,"20,919",
22,Louisiana,22083,Richland,2013,"20,919",
22,Louisiana,22083,Richland,2014,"20,764",
22,Louisiana,22083,Richland,2015,"20,550",
22,Louisiana,22085,Sabine,1996,"23,355",
22,Louisiana,22085,Sabine,1997,"23,413",
22,Louisiana,22085,Sabine,1998,"23,384",
22,Louisiana,22085,Sabine,1999,"23,415",
22,Louisiana,22085,Sabine,2000,"23,475",
22,Louisiana,22085,Sabine,2001,"23,379",
22,Louisiana,22085,Sabine,2002,"23,380",
22,Louisiana,22085,Sabine,2003,"23,527",
22,Louisiana,22085,Sabine,2004,"23,539",
22,Louisiana,22085,Sabine,2005,"23,690",
22,Louisiana,22085,Sabine,2006,"23,954",
22,Louisiana,22085,Sabine,2007,"24,090",
22,Louisiana,22085,Sabine,2008,"24,124",
22,Louisiana,22085,Sabine,2009,"24,199",
22,Louisiana,22085,Sabine,2010,"24,233",
22,Louisiana,22085,Sabine,2011,"24,425",
22,Louisiana,22085,Sabine,2012,"24,326",
22,Louisiana,22085,Sabine,2013,"24,261",
22,Louisiana,22085,Sabine,2014,"24,122",
22,Louisiana,22085,Sabine,2015,"24,229",
22,Louisiana,22087,St. Bernard,1996,"68,139",
22,Louisiana,22087,St. Bernard,1997,"68,204",
22,Louisiana,22087,St. Bernard,1998,"67,971",
22,Louisiana,22087,St. Bernard,1999,"67,660",
22,Louisiana,22087,St. Bernard,2000,"67,278",
22,Louisiana,22087,St. Bernard,2001,"68,028",
22,Louisiana,22087,St. Bernard,2002,"68,964",
22,Louisiana,22087,St. Bernard,2003,"69,621",
22,Louisiana,22087,St. Bernard,2004,"70,547",
22,Louisiana,22087,St. Bernard,2005,"71,300",
22,Louisiana,22087,St. Bernard,2006,"16,563",
22,Louisiana,22087,St. Bernard,2007,"23,613",
22,Louisiana,22087,St. Bernard,2008,"28,879",
22,Louisiana,22087,St. Bernard,2009,"32,878",
22,Louisiana,22087,St. Bernard,2010,"36,823",
22,Louisiana,22087,St. Bernard,2011,"39,505",
22,Louisiana,22087,St. Bernard,2012,"41,489",
22,Louisiana,22087,St. Bernard,2013,"43,435",
22,Louisiana,22087,St. Bernard,2014,"44,447",
22,Louisiana,22087,St. Bernard,2015,"45,439",
22,Louisiana,22089,St. Charles,1996,"46,432",
22,Louisiana,22089,St. Charles,1997,"47,023",
22,Louisiana,22089,St. Charles,1998,"47,483",
22,Louisiana,22089,St. Charles,1999,"47,907",
22,Louisiana,22089,St. Charles,2000,"48,118",
22,Louisiana,22089,St. Charles,2001,"48,461",
22,Louisiana,22089,St. Charles,2002,"49,117",
22,Louisiana,22089,St. Charles,2003,"49,338",
22,Louisiana,22089,St. Charles,2004,"49,939",
22,Louisiana,22089,St. Charles,2005,"50,670",
22,Louisiana,22089,St. Charles,2006,"52,453",
22,Louisiana,22089,St. Charles,2007,"52,765",
22,Louisiana,22089,St. Charles,2008,"52,516",
22,Louisiana,22089,St. Charles,2009,"52,719",
22,Louisiana,22089,St. Charles,2010,"52,815",
22,Louisiana,22089,St. Charles,2011,"52,376",
22,Louisiana,22089,St. Charles,2012,"52,432",
22,Louisiana,22089,St. Charles,2013,"52,646",
22,Louisiana,22089,St. Charles,2014,"52,732",
22,Louisiana,22089,St. Charles,2015,"52,647",
22,Louisiana,22091,St. Helena,1996,"10,328",
22,Louisiana,22091,St. Helena,1997,"10,312",
22,Louisiana,22091,St. Helena,1998,"10,292",
22,Louisiana,22091,St. Helena,1999,"10,444",
22,Louisiana,22091,St. Helena,2000,"10,548",
22,Louisiana,22091,St. Helena,2001,"10,524",
22,Louisiana,22091,St. Helena,2002,"10,592",
22,Louisiana,22091,St. Helena,2003,"10,549",
22,Louisiana,22091,St. Helena,2004,"10,548",
22,Louisiana,22091,St. Helena,2005,"10,521",
22,Louisiana,22091,St. Helena,2006,"11,089",
22,Louisiana,22091,St. Helena,2007,"11,070",
22,Louisiana,22091,St. Helena,2008,"11,106",
22,Louisiana,22091,St. Helena,2009,"11,154",
22,Louisiana,22091,St. Helena,2010,"11,195",
22,Louisiana,22091,St. Helena,2011,"10,954",
22,Louisiana,22091,St. Helena,2012,"10,978",
22,Louisiana,22091,St. Helena,2013,"10,771",
22,Louisiana,22091,St. Helena,2014,"10,516",
22,Louisiana,22091,St. Helena,2015,"10,455",
22,Louisiana,22093,St. James,1996,"20,933",
22,Louisiana,22093,St. James,1997,"20,952",
22,Louisiana,22093,St. James,1998,"21,070",
22,Louisiana,22093,St. James,1999,"21,221",
22,Louisiana,22093,St. James,2000,"21,201",
22,Louisiana,22093,St. James,2001,"21,291",
22,Louisiana,22093,St. James,2002,"21,365",
22,Louisiana,22093,St. James,2003,"21,274",
22,Louisiana,22093,St. James,2004,"21,229",
22,Louisiana,22093,St. James,2005,"21,399",
22,Louisiana,22093,St. James,2006,"21,964",
22,Louisiana,22093,St. James,2007,"22,164",
22,Louisiana,22093,St. James,2008,"22,095",
22,Louisiana,22093,St. James,2009,"22,231",
22,Louisiana,22093,St. James,2010,"22,052",
22,Louisiana,22093,St. James,2011,"21,784",
22,Louisiana,22093,St. James,2012,"21,638",
22,Louisiana,22093,St. James,2013,"21,615",
22,Louisiana,22093,St. James,2014,"21,523",
22,Louisiana,22093,St. James,2015,"21,486",
22,Louisiana,22095,St. John the Baptist,1996,"42,264",
22,Louisiana,22095,St. John the Baptist,1997,"42,222",
22,Louisiana,22095,St. John the Baptist,1998,"42,536",
22,Louisiana,22095,St. John the Baptist,1999,"42,865",
22,Louisiana,22095,St. John the Baptist,2000,"43,248",
22,Louisiana,22095,St. John the Baptist,2001,"43,580",
22,Louisiana,22095,St. John the Baptist,2002,"43,878",
22,Louisiana,22095,St. John the Baptist,2003,"44,316",
22,Louisiana,22095,St. John the Baptist,2004,"44,822",
22,Louisiana,22095,St. John the Baptist,2005,"45,296",
22,Louisiana,22095,St. John the Baptist,2006,"47,296",
22,Louisiana,22095,St. John the Baptist,2007,"47,386",
22,Louisiana,22095,St. John the Baptist,2008,"46,811",
22,Louisiana,22095,St. John the Baptist,2009,"46,336",
22,Louisiana,22095,St. John the Baptist,2010,"45,606",
22,Louisiana,22095,St. John the Baptist,2011,"45,052",
22,Louisiana,22095,St. John the Baptist,2012,"44,728",
22,Louisiana,22095,St. John the Baptist,2013,"43,578",
22,Louisiana,22095,St. John the Baptist,2014,"43,743",
22,Louisiana,22095,St. John the Baptist,2015,"43,585",
22,Louisiana,22097,St. Landry,1996,"84,505",
22,Louisiana,22097,St. Landry,1997,"85,312",
22,Louisiana,22097,St. Landry,1998,"86,089",
22,Louisiana,22097,St. Landry,1999,"87,034",
22,Louisiana,22097,St. Landry,2000,"87,420",
22,Louisiana,22097,St. Landry,2001,"86,416",
22,Louisiana,22097,St. Landry,2002,"85,713",
22,Louisiana,22097,St. Landry,2003,"85,034",
22,Louisiana,22097,St. Landry,2004,"84,487",
22,Louisiana,22097,St. Landry,2005,"83,952",
22,Louisiana,22097,St. Landry,2006,"85,128",
22,Louisiana,22097,St. Landry,2007,"84,710",
22,Louisiana,22097,St. Landry,2008,"84,427",
22,Louisiana,22097,St. Landry,2009,"83,825",
22,Louisiana,22097,St. Landry,2010,"83,492",
22,Louisiana,22097,St. Landry,2011,"83,430",
22,Louisiana,22097,St. Landry,2012,"83,464",
22,Louisiana,22097,St. Landry,2013,"83,408",
22,Louisiana,22097,St. Landry,2014,"83,665",
22,Louisiana,22097,St. Landry,2015,"83,625",
22,Louisiana,22099,St. Martin,1996,"46,523",
22,Louisiana,22099,St. Martin,1997,"47,234",
22,Louisiana,22099,St. Martin,1998,"47,935",
22,Louisiana,22099,St. Martin,1999,"48,285",
22,Louisiana,22099,St. Martin,2000,"48,583",
22,Louisiana,22099,St. Martin,2001,"48,971",
22,Louisiana,22099,St. Martin,2002,"49,228",
22,Louisiana,22099,St. Martin,2003,"49,482",
22,Louisiana,22099,St. Martin,2004,"49,754",
22,Louisiana,22099,St. Martin,2005,"49,890",
22,Louisiana,22099,St. Martin,2006,"51,044",
22,Louisiana,22099,St. Martin,2007,"51,410",
22,Louisiana,22099,St. Martin,2008,"51,914",
22,Louisiana,22099,St. Martin,2009,"52,025",
22,Louisiana,22099,St. Martin,2010,"52,261",
22,Louisiana,22099,St. Martin,2011,"52,778",
22,Louisiana,22099,St. Martin,2012,"52,657",
22,Louisiana,22099,St. Martin,2013,"52,915",
22,Louisiana,22099,St. Martin,2014,"53,281",
22,Louisiana,22099,St. Martin,2015,"53,868",
22,Louisiana,22101,St. Mary,1996,"55,310",
22,Louisiana,22101,St. Mary,1997,"54,915",
22,Louisiana,22101,St. Mary,1998,"54,914",
22,Louisiana,22101,St. Mary,1999,"54,246",
22,Louisiana,22101,St. Mary,2000,"53,377",
22,Louisiana,22101,St. Mary,2001,"53,044",
22,Louisiana,22101,St. Mary,2002,"53,109",
22,Louisiana,22101,St. Mary,2003,"53,245",
22,Louisiana,22101,St. Mary,2004,"53,288",
22,Louisiana,22101,St. Mary,2005,"53,015",
22,Louisiana,22101,St. Mary,2006,"54,152",
22,Louisiana,22101,St. Mary,2007,"54,104",
22,Louisiana,22101,St. Mary,2008,"54,352",
22,Louisiana,22101,St. Mary,2009,"54,551",
22,Louisiana,22101,St. Mary,2010,"54,556",
22,Louisiana,22101,St. Mary,2011,"54,135",
22,Louisiana,22101,St. Mary,2012,"53,545",
22,Louisiana,22101,St. Mary,2013,"53,550",
22,Louisiana,22101,St. Mary,2014,"53,273",
22,Louisiana,22101,St. Mary,2015,"52,920",
22,Louisiana,22103,St. Tammany,1996,"176,171",
22,Louisiana,22103,St. Tammany,1997,"181,426",
22,Louisiana,22103,St. Tammany,1998,"185,357",
22,Louisiana,22103,St. Tammany,1999,"188,947",
22,Louisiana,22103,St. Tammany,2000,"192,131",
22,Louisiana,22103,St. Tammany,2001,"195,622",
22,Louisiana,22103,St. Tammany,2002,"200,701",
22,Louisiana,22103,St. Tammany,2003,"205,708",
22,Louisiana,22103,St. Tammany,2004,"211,405",
22,Louisiana,22103,St. Tammany,2005,"217,358",
22,Louisiana,22103,St. Tammany,2006,"223,133",
22,Louisiana,22103,St. Tammany,2007,"226,294",
22,Louisiana,22103,St. Tammany,2008,"229,252",
22,Louisiana,22103,St. Tammany,2009,"231,224",
22,Louisiana,22103,St. Tammany,2010,"234,533",
22,Louisiana,22103,St. Tammany,2011,"236,780",
22,Louisiana,22103,St. Tammany,2012,"239,139",
22,Louisiana,22103,St. Tammany,2013,"242,074",
22,Louisiana,22103,St. Tammany,2014,"245,511",
22,Louisiana,22103,St. Tammany,2015,"249,320",
22,Louisiana,22105,Tangipahoa,1996,"94,851",
22,Louisiana,22105,Tangipahoa,1997,"96,515",
22,Louisiana,22105,Tangipahoa,1998,"98,246",
22,Louisiana,22105,Tangipahoa,1999,"99,643",
22,Louisiana,22105,Tangipahoa,2000,"100,716",
22,Louisiana,22105,Tangipahoa,2001,"101,657",
22,Louisiana,22105,Tangipahoa,2002,"102,511",
22,Louisiana,22105,Tangipahoa,2003,"103,782",
22,Louisiana,22105,Tangipahoa,2004,"105,335",
22,Louisiana,22105,Tangipahoa,2005,"106,987",
22,Louisiana,22105,Tangipahoa,2006,"114,102",
22,Louisiana,22105,Tangipahoa,2007,"116,792",
22,Louisiana,22105,Tangipahoa,2008,"118,621",
22,Louisiana,22105,Tangipahoa,2009,"120,009",
22,Louisiana,22105,Tangipahoa,2010,"121,485",
22,Louisiana,22105,Tangipahoa,2011,"122,629",
22,Louisiana,22105,Tangipahoa,2012,"123,637",
22,Louisiana,22105,Tangipahoa,2013,"125,443",
22,Louisiana,22105,Tangipahoa,2014,"126,954",
22,Louisiana,22105,Tangipahoa,2015,"128,735",
22,Louisiana,22107,Tensas,1996,"6,904",
22,Louisiana,22107,Tensas,1997,"6,789",
22,Louisiana,22107,Tensas,1998,"6,724",
22,Louisiana,22107,Tensas,1999,"6,717",
22,Louisiana,22107,Tensas,2000,"6,535",
22,Louisiana,22107,Tensas,2001,"6,334",
22,Louisiana,22107,Tensas,2002,"6,150",
22,Louisiana,22107,Tensas,2003,"5,941",
22,Louisiana,22107,Tensas,2004,"5,785",
22,Louisiana,22107,Tensas,2005,"5,700",
22,Louisiana,22107,Tensas,2006,"5,719",
22,Louisiana,22107,Tensas,2007,"5,513",
22,Louisiana,22107,Tensas,2008,"5,376",
22,Louisiana,22107,Tensas,2009,"5,311",
22,Louisiana,22107,Tensas,2010,"5,231",
22,Louisiana,22107,Tensas,2011,"5,092",
22,Louisiana,22107,Tensas,2012,"4,999",
22,Louisiana,22107,Tensas,2013,"4,934",
22,Louisiana,22107,Tensas,2014,"4,854",
22,Louisiana,22107,Tensas,2015,"4,774",
22,Louisiana,22109,Terrebonne,1996,"101,478",
22,Louisiana,22109,Terrebonne,1997,"102,689",
22,Louisiana,22109,Terrebonne,1998,"104,210",
22,Louisiana,22109,Terrebonne,1999,"104,507",
22,Louisiana,22109,Terrebonne,2000,"104,756",
22,Louisiana,22109,Terrebonne,2001,"105,255",
22,Louisiana,22109,Terrebonne,2002,"105,698",
22,Louisiana,22109,Terrebonne,2003,"106,257",
22,Louisiana,22109,Terrebonne,2004,"106,783",
22,Louisiana,22109,Terrebonne,2005,"107,811",
22,Louisiana,22109,Terrebonne,2006,"109,994",
22,Louisiana,22109,Terrebonne,2007,"110,656",
22,Louisiana,22109,Terrebonne,2008,"111,453",
22,Louisiana,22109,Terrebonne,2009,"111,689",
22,Louisiana,22109,Terrebonne,2010,"111,514",
22,Louisiana,22109,Terrebonne,2011,"111,593",
22,Louisiana,22109,Terrebonne,2012,"111,720",
22,Louisiana,22109,Terrebonne,2013,"112,684",
22,Louisiana,22109,Terrebonne,2014,"113,512",
22,Louisiana,22109,Terrebonne,2015,"113,928",
22,Louisiana,22111,Union,1996,"21,950",
22,Louisiana,22111,Union,1997,"22,242",
22,Louisiana,22111,Union,1998,"22,512",
22,Louisiana,22111,Union,1999,"22,737",
22,Louisiana,22111,Union,2000,"22,762",
22,Louisiana,22111,Union,2001,"22,783",
22,Louisiana,22111,Union,2002,"22,624",
22,Louisiana,22111,Union,2003,"22,757",
22,Louisiana,22111,Union,2004,"22,676",
22,Louisiana,22111,Union,2005,"22,765",
22,Louisiana,22111,Union,2006,"22,919",
22,Louisiana,22111,Union,2007,"22,770",
22,Louisiana,22111,Union,2008,"22,698",
22,Louisiana,22111,Union,2009,"22,609",
22,Louisiana,22111,Union,2010,"22,837",
22,Louisiana,22111,Union,2011,"22,754",
22,Louisiana,22111,Union,2012,"22,525",
22,Louisiana,22111,Union,2013,"22,449",
22,Louisiana,22111,Union,2014,"22,556",
22,Louisiana,22111,Union,2015,"22,499",
22,Louisiana,22113,Vermilion,1996,"51,943",
22,Louisiana,22113,Vermilion,1997,"52,665",
22,Louisiana,22113,Vermilion,1998,"53,255",
22,Louisiana,22113,Vermilion,1999,"53,775",
22,Louisiana,22113,Vermilion,2000,"54,094",
22,Louisiana,22113,Vermilion,2001,"54,217",
22,Louisiana,22113,Vermilion,2002,"54,638",
22,Louisiana,22113,Vermilion,2003,"54,754",
22,Louisiana,22113,Vermilion,2004,"55,113",
22,Louisiana,22113,Vermilion,2005,"55,828",
22,Louisiana,22113,Vermilion,2006,"56,388",
22,Louisiana,22113,Vermilion,2007,"56,835",
22,Louisiana,22113,Vermilion,2008,"57,421",
22,Louisiana,22113,Vermilion,2009,"57,684",
22,Louisiana,22113,Vermilion,2010,"58,112",
22,Louisiana,22113,Vermilion,2011,"58,210",
22,Louisiana,22113,Vermilion,2012,"58,672",
22,Louisiana,22113,Vermilion,2013,"59,308",
22,Louisiana,22113,Vermilion,2014,"59,567",
22,Louisiana,22113,Vermilion,2015,"59,979",
22,Louisiana,22115,Vernon,1996,"54,647",
22,Louisiana,22115,Vernon,1997,"52,416",
22,Louisiana,22115,Vernon,1998,"52,151",
22,Louisiana,22115,Vernon,1999,"52,389",
22,Louisiana,22115,Vernon,2000,"52,744",
22,Louisiana,22115,Vernon,2001,"52,958",
22,Louisiana,22115,Vernon,2002,"52,319",
22,Louisiana,22115,Vernon,2003,"51,288",
22,Louisiana,22115,Vernon,2004,"51,402",
22,Louisiana,22115,Vernon,2005,"51,808",
22,Louisiana,22115,Vernon,2006,"50,781",
22,Louisiana,22115,Vernon,2007,"49,796",
22,Louisiana,22115,Vernon,2008,"48,007",
22,Louisiana,22115,Vernon,2009,"50,903",
22,Louisiana,22115,Vernon,2010,"52,721",
22,Louisiana,22115,Vernon,2011,"52,243",
22,Louisiana,22115,Vernon,2012,"54,123",
22,Louisiana,22115,Vernon,2013,"52,832",
22,Louisiana,22115,Vernon,2014,"52,852",
22,Louisiana,22115,Vernon,2015,"51,497",
22,Louisiana,22117,Washington,1996,"43,470",
22,Louisiana,22117,Washington,1997,"43,621",
22,Louisiana,22117,Washington,1998,"43,616",
22,Louisiana,22117,Washington,1999,"43,884",
22,Louisiana,22117,Washington,2000,"43,936",
22,Louisiana,22117,Washington,2001,"43,992",
22,Louisiana,22117,Washington,2002,"44,156",
22,Louisiana,22117,Washington,2003,"44,277",
22,Louisiana,22117,Washington,2004,"44,521",
22,Louisiana,22117,Washington,2005,"44,880",
22,Louisiana,22117,Washington,2006,"45,157",
22,Louisiana,22117,Washington,2007,"46,376",
22,Louisiana,22117,Washington,2008,"47,000",
22,Louisiana,22117,Washington,2009,"47,262",
22,Louisiana,22117,Washington,2010,"47,120",
22,Louisiana,22117,Washington,2011,"47,155",
22,Louisiana,22117,Washington,2012,"46,709",
22,Louisiana,22117,Washington,2013,"46,445",
22,Louisiana,22117,Washington,2014,"46,353",
22,Louisiana,22117,Washington,2015,"46,389",
22,Louisiana,22119,Webster,1996,"41,993",
22,Louisiana,22119,Webster,1997,"42,065",
22,Louisiana,22119,Webster,1998,"42,073",
22,Louisiana,22119,Webster,1999,"42,092",
22,Louisiana,22119,Webster,2000,"41,700",
22,Louisiana,22119,Webster,2001,"41,372",
22,Louisiana,22119,Webster,2002,"41,375",
22,Louisiana,22119,Webster,2003,"41,125",
22,Louisiana,22119,Webster,2004,"41,145",
22,Louisiana,22119,Webster,2005,"41,203",
22,Louisiana,22119,Webster,2006,"41,331",
22,Louisiana,22119,Webster,2007,"41,275",
22,Louisiana,22119,Webster,2008,"41,240",
22,Louisiana,22119,Webster,2009,"41,131",
22,Louisiana,22119,Webster,2010,"41,196",
22,Louisiana,22119,Webster,2011,"41,233",
22,Louisiana,22119,Webster,2012,"40,905",
22,Louisiana,22119,Webster,2013,"40,665",
22,Louisiana,22119,Webster,2014,"40,299",
22,Louisiana,22119,Webster,2015,"40,076",
22,Louisiana,22121,West Baton Rouge,1996,"21,254",
22,Louisiana,22121,West Baton Rouge,1997,"21,290",
22,Louisiana,22121,West Baton Rouge,1998,"21,649",
22,Louisiana,22121,West Baton Rouge,1999,"21,569",
22,Louisiana,22121,West Baton Rouge,2000,"21,577",
22,Louisiana,22121,West Baton Rouge,2001,"21,703",
22,Louisiana,22121,West Baton Rouge,2002,"21,801",
22,Louisiana,22121,West Baton Rouge,2003,"21,820",
22,Louisiana,22121,West Baton Rouge,2004,"22,049",
22,Louisiana,22121,West Baton Rouge,2005,"21,929",
22,Louisiana,22121,West Baton Rouge,2006,"22,666",
22,Louisiana,22121,West Baton Rouge,2007,"23,184",
22,Louisiana,22121,West Baton Rouge,2008,"23,252",
22,Louisiana,22121,West Baton Rouge,2009,"23,352",
22,Louisiana,22121,West Baton Rouge,2010,"23,953",
22,Louisiana,22121,West Baton Rouge,2011,"24,097",
22,Louisiana,22121,West Baton Rouge,2012,"24,146",
22,Louisiana,22121,West Baton Rouge,2013,"24,632",
22,Louisiana,22121,West Baton Rouge,2014,"25,187",
22,Louisiana,22121,West Baton Rouge,2015,"25,570",
22,Louisiana,22123,West Carroll,1996,"12,338",
22,Louisiana,22123,West Carroll,1997,"12,350",
22,Louisiana,22123,West Carroll,1998,"12,348",
22,Louisiana,22123,West Carroll,1999,"12,368",
22,Louisiana,22123,West Carroll,2000,"12,285",
22,Louisiana,22123,West Carroll,2001,"12,095",
22,Louisiana,22123,West Carroll,2002,"12,134",
22,Louisiana,22123,West Carroll,2003,"12,155",
22,Louisiana,22123,West Carroll,2004,"12,009",
22,Louisiana,22123,West Carroll,2005,"11,958",
22,Louisiana,22123,West Carroll,2006,"11,851",
22,Louisiana,22123,West Carroll,2007,"11,708",
22,Louisiana,22123,West Carroll,2008,"11,670",
22,Louisiana,22123,West Carroll,2009,"11,633",
22,Louisiana,22123,West Carroll,2010,"11,575",
22,Louisiana,22123,West Carroll,2011,"11,516",
22,Louisiana,22123,West Carroll,2012,"11,499",
22,Louisiana,22123,West Carroll,2013,"11,454",
22,Louisiana,22123,West Carroll,2014,"11,527",
22,Louisiana,22123,West Carroll,2015,"11,282",
22,Louisiana,22125,West Feliciana,1996,"13,840",
22,Louisiana,22125,West Feliciana,1997,"14,053",
22,Louisiana,22125,West Feliciana,1998,"14,588",
22,Louisiana,22125,West Feliciana,1999,"14,913",
22,Louisiana,22125,West Feliciana,2000,"15,145",
22,Louisiana,22125,West Feliciana,2001,"15,152",
22,Louisiana,22125,West Feliciana,2002,"15,216",
22,Louisiana,22125,West Feliciana,2003,"15,326",
22,Louisiana,22125,West Feliciana,2004,"15,300",
22,Louisiana,22125,West Feliciana,2005,"15,431",
22,Louisiana,22125,West Feliciana,2006,"15,736",
22,Louisiana,22125,West Feliciana,2007,"15,655",
22,Louisiana,22125,West Feliciana,2008,"15,767",
22,Louisiana,22125,West Feliciana,2009,"15,639",
22,Louisiana,22125,West Feliciana,2010,"15,640",
22,Louisiana,22125,West Feliciana,2011,"15,504",
22,Louisiana,22125,West Feliciana,2012,"15,463",
22,Louisiana,22125,West Feliciana,2013,"15,448",
22,Louisiana,22125,West Feliciana,2014,"15,368",
22,Louisiana,22125,West Feliciana,2015,"15,357",
22,Louisiana,22127,Winn,1996,"17,534",
22,Louisiana,22127,Winn,1997,"17,354",
22,Louisiana,22127,Winn,1998,"17,220",
22,Louisiana,22127,Winn,1999,"17,079",
22,Louisiana,22127,Winn,2000,"16,816",
22,Louisiana,22127,Winn,2001,"16,498",
22,Louisiana,22127,Winn,2002,"16,427",
22,Louisiana,22127,Winn,2003,"16,165",
22,Louisiana,22127,Winn,2004,"15,908",
22,Louisiana,22127,Winn,2005,"15,751",
22,Louisiana,22127,Winn,2006,"15,720",
22,Louisiana,22127,Winn,2007,"15,588",
22,Louisiana,22127,Winn,2008,"15,398",
22,Louisiana,22127,Winn,2009,"15,393",
22,Louisiana,22127,Winn,2010,"15,302",
22,Louisiana,22127,Winn,2011,"15,148",
22,Louisiana,22127,Winn,2012,"15,101",
22,Louisiana,22127,Winn,2013,"14,849",
22,Louisiana,22127,Winn,2014,"14,819",
22,Louisiana,22127,Winn,2015,"14,643",